TRIP_ID,LATITUDE,LONGITUDE
T1,41.15326122609076,-8.596615830561454
T2,41.158305558341816,-8.606007028569174
T3,41.17787307211867,-8.58898129845622
T4,41.15038530388782,-8.616189747544428
T5,41.15220878014934,-8.613326945380342
T6,41.16451822477293,-8.618636758153404
T7,41.16582436429389,-8.60625900739764
T8,41.170133489811214,-8.597727700356531
T9,41.154894698729834,-8.616067905747379
T10,41.21434109050644,-8.58930137463133
T11,41.16177433600823,-8.598500587569667
T12,41.15366976319103,-8.616000789912443
T13,41.157748952170536,-8.605518800205235
T14,41.20260115097983,-8.641246276420402
T15,41.14519401804765,-8.609623772750364
T16,41.20620158709234,-8.647421841058252
T17,41.158252331265814,-8.620696642383594
T18,41.16718497234898,-8.62935166010543
T19,41.17464858761607,-8.605675589297656
T20,41.16356383372835,-8.627788899075902
T21,41.159827471850704,-8.602675141381223
T22,41.140250716407245,-8.62017204558481
T23,41.16758231219521,-8.633436168717655
T24,41.16065060410966,-8.605264840802132
T25,41.16173649163501,-8.643133063054313
T26,41.15303887139988,-8.602642955652824
T27,41.1722031786356,-8.607492331299538
T28,41.16086972668479,-8.612676273650488
T29,41.15569103304515,-8.608345602893014
T30,41.16555257667634,-8.599067833475965
T31,41.167766272460035,-8.59973403567442
T32,41.1635042762961,-8.61797455738511
T33,41.167249605059446,-8.623384167866538
T34,41.168482818685035,-8.589086845386248
T35,41.16706348463688,-8.625994672073222
T36,41.1653980107409,-8.606294790499854
T37,41.165093844461076,-8.659851657467156
T38,41.1628749800028,-8.628007713874387
T39,41.15936729905369,-8.605499619169123
T40,41.14801102105521,-8.623014220456115
T41,41.168040398034776,-8.611721528214087
T42,41.16754014811176,-8.600584209148504
T43,41.15267553790799,-8.6096778882416
T44,41.21557764244595,-8.60762413909879
T45,41.150551088340656,-8.60469677388094
T46,41.16508678412675,-8.606910068426782
T47,41.1559233603283,-8.599361907230715
T48,41.156142289202535,-8.609406050809703
T49,41.16386879028577,-8.571833340894479
T50,41.145697612044465,-8.618096925541368
T51,41.13610920715701,-8.595705867576092
T52,41.15124427688887,-8.61331860968499
T53,41.15405322091376,-8.595754403597148
T54,41.17470814921257,-8.60033898877474
T55,41.15929310465418,-8.612862071762724
T56,41.18144692322799,-8.603603916793732
T57,41.21415984282895,-8.612895087958062
T58,41.15591725931783,-8.620911159005153
T59,41.14833117155072,-8.605246008798627
T60,41.160624103649376,-8.610643225005763
T61,41.15695797136287,-8.618571193174843
T62,41.157484270754374,-8.612273609877967
T63,41.16472097804056,-8.600235594496066
T64,41.17394279350383,-8.592713763160274
T65,41.15095089265265,-8.612080794601418
T66,41.21402433770108,-8.612727827903052
T67,41.15790451947007,-8.617021748423216
T68,41.16393497959602,-8.634645890469594
T69,41.157111238826765,-8.615070450192617
T70,41.15500026622965,-8.615847847021294
T71,41.30384970652533,-8.46432930794316
T72,41.24747608218413,-8.691879590643103
T73,41.163765027229616,-8.609553728434735
T74,41.17194590727852,-8.576936020983311
T75,41.16665820423394,-8.634341906101298
T76,41.1702341698831,-8.621402476780514
T77,41.15878683560222,-8.614609461455926
T78,41.1610432773821,-8.639974714602618
T79,41.17981404849872,-8.598061385351011
T80,41.18034549030055,-8.64191516554221
T81,41.16178432023619,-8.6287903420883
T82,41.18349307836512,-8.627676156192905
T83,41.172317098374435,-8.659458337146502
T84,41.18191398717833,-8.617039033484573
T85,41.15109902756139,-8.615818590678908
T86,41.15918231999654,-8.595749515843929
T87,41.24277607878018,-8.643580164380225
T88,41.182911146280205,-8.600329880133398
T90,41.14212268855615,-8.628617168426404
T91,41.161017991382565,-8.623021853522674
T92,41.219029697830045,-8.675001220352371
T93,41.1725885270578,-8.661240539550008
T94,41.158558786947935,-8.637312781065438
T95,41.15860572695975,-8.575892598367583
T96,41.18318875551475,-8.65469134504157
T98,41.18872147470538,-8.641659178145993
T99,41.16043268936691,-8.571086678682647
T100,41.182912883973536,-8.657386291693792
T101,41.14536092302431,-8.623795847979208
T102,41.167543716279944,-8.616422465344545
T103,41.15982497421346,-8.627589352594457
T104,41.184449127452034,-8.551242001143764
T107,41.12719495631068,-8.584315330134096
T109,41.18535433254149,-8.617382366577758
T110,41.15512405965257,-8.644708843848788
T111,41.15704349923391,-8.649625520201711
T112,41.16100265325544,-8.59140655754882
T113,41.17457948753327,-8.600471245013058
T114,41.170753040648776,-8.60532558622013
T115,41.14150106414513,-8.621888282972817
T116,41.21788148014739,-8.614630639083007
T117,41.16001955181345,-8.505980568654337
T118,41.16499889914707,-8.599675866549607
T119,41.17979177356516,-8.619097014007293
T120,41.190685446754614,-8.623427372339767
T121,41.13625271647041,-8.604784197707295
T122,41.15717252947861,-8.613935066813319
T123,41.17780978375383,-8.666333860220902
T124,41.16274962018971,-8.618556063853047
T125,41.16073749575584,-8.619886011810175
T126,41.16192153744747,-8.622484049932646
T127,41.162909551511326,-8.64331716292079
T128,41.16779610530423,-8.610535040865834
T129,41.15633457076714,-8.617265787394583
T130,41.13900159644203,-8.626659989966322
T131,41.16560107046396,-7.979366763242395
T132,41.15677718786601,-8.608047866404199
T133,41.16042830871252,-8.62220941344246
T134,41.16632624381242,-8.66995777873183
T135,41.161491598403636,-8.615904680701089
T136,41.16970709594914,-8.606938891627449
T137,41.155794348234,-8.622757475779627
T138,41.128188928800604,-8.603188393012593
T139,41.17451553972888,-8.602502990960808
T140,41.173446908201555,-8.599746542363311
T141,41.15761709154781,-8.61058206131949
T142,41.15297963276614,-8.62958455685072
T143,41.171395546289126,-8.620680827693004
T144,41.15983621733277,-8.612532188045252
T145,41.16602975009768,-8.586339066427573
T146,41.16356824421966,-8.639646529412651
T147,41.15367451646181,-8.646870485068007
T148,41.16017667116847,-8.621946771228673
T149,41.18099162597586,-8.706270654562278
T151,41.169807942384125,-8.638083731392362
T152,41.10341339994505,-8.619448606774787
T153,41.167437425423664,-8.624382108426945
T154,41.16997862811745,-8.61344001582205
T155,41.19438468122453,-8.651758622446682
T156,41.14237226210694,-8.623436589073464
T157,41.17006106243312,-8.589626833645388
T158,41.14904713186969,-8.612716342224175
T159,41.163361109958416,-8.623287504171527
T160,41.16822907700487,-8.638739358787895
T161,41.15438145840787,-8.600844001841544
T162,41.159177548607545,-8.617031577259569
T163,41.159514592170694,-8.62360027140937
T164,41.15558233010663,-8.620471902268
T166,41.15359036798384,-8.640176592527638
T167,41.16807335268323,-8.610965076591228
T168,41.157688574920186,-8.607252326104081
T169,41.16630228428754,-8.601216622857557
T170,41.15740346561353,-8.635898130534965
T171,41.157940854699575,-8.646130132441332
T172,41.1616327377852,-8.625824102598168
T173,41.18396339390668,-8.655521640262284
T174,41.16931069935683,-8.605380818780757
T175,41.158415128087555,-8.626655708346272
T176,41.16160794327185,-8.615677726968709
T177,41.164659527786874,-8.600161523215714
T178,41.165398501902715,-8.643405735590306
T179,41.171085980664934,-8.591181992103827
T180,41.15861384702254,-8.6126275137411
T181,41.16733743910683,-8.610578754310668
T182,41.1596074154891,-8.603951135592586
T183,41.17489912505595,-8.618669477913322
T184,41.163656692122096,-8.644448811467475
T185,41.16054189874735,-8.643630172745304
T186,41.161464779571624,-8.626851071969307
T187,41.15315102921501,-8.591393152131285
T188,41.141227681556536,-8.592251661460157
T189,41.1630618834017,-8.613614104270551
T190,41.16507729877335,-8.632491556846022
T191,41.15846396870686,-8.613400405710987
T192,41.15494370985655,-8.62297822292858
T193,41.14937560279898,-8.617129211549159
T194,41.15714769664053,-8.622951171540464
T195,41.15862024046232,-8.613495953515038
T196,41.1567254960932,-8.616373969433653
T197,41.15484999383419,-8.638667901016092
T198,41.15636868417893,-8.620454246912455
T199,41.15484771883836,-8.600759765845554
T200,41.15373562907693,-8.637265488790696
T201,41.15716882019713,-8.617853921401164
T202,41.149511928376235,-8.620240508923887
T203,41.1626498843286,-8.602250809409007
T204,41.15853688959584,-8.615557201117515
T205,41.15465378888567,-8.610041267188366
T206,41.16648659810593,-8.596863817225808
T207,41.1559438284662,-8.605054104958521
T208,41.18802025877487,-8.608402378808375
T209,41.155422860541776,-8.626924612317046
T210,41.16199854766782,-8.64043386754262
T211,41.18227734145833,-8.626625311004904
T212,41.15076860778137,-8.595870573806694
T213,41.1257746313692,-8.616341601324924
T214,41.15541368125004,-8.629645713897263
T215,41.15291159747066,-8.605378716840447
T216,41.16029647677778,-8.602300527652918
T217,41.161150362269865,-8.63399448692997
T218,41.148966851935526,-8.61626503492477
T219,41.160519415098186,-8.652592267540586
T220,41.20953117832171,-8.612772760517231
T221,41.1568611526785,-8.64306323638232
T222,41.15156509812066,-8.606718453973627
T223,41.16822963250058,-8.647863422978212
T224,41.17897533373769,-8.585762813800212
T225,41.157883498791065,-8.626244616982897
T226,41.16299767854132,-8.636972364114994
T227,41.15667435492674,-8.614289450625868
T228,41.175743876274375,-8.611943989538334
T229,41.209362433069735,-8.628483026378614
T230,41.169953429431644,-8.626760073331324
T231,41.156719056750525,-8.614252485237392
T232,41.15877251328428,-8.614486757070246
T233,41.16011056245669,-8.612057113882999
T234,41.16899354726249,-8.622051314557236
T235,41.154607340635316,-8.626643379740587
T236,41.15579205089963,-8.6146358616013
T237,41.16579865713198,-8.599404102368363
T238,41.16328047582445,-8.597157241263055
T239,41.180743704297136,-8.649457088364114
T240,41.17460687726129,-8.668238741706267
T241,41.159533432226716,-8.618947010508862
T242,41.17029707014443,-8.60903863997151
T243,41.169710784322895,-8.628291692524915
T244,41.18287297935342,-8.628533167569955
T245,41.16782115531762,-8.619400776773352
T246,41.174651757544545,-8.676915259291421
T247,41.181514353290254,-8.674953156521838
T248,41.17245765796687,-8.662422754613868
T249,41.16269362787411,-8.646136294214232
T250,41.16382147380816,-8.584194453578968
T251,41.16313623778482,-8.628020192290196
T252,41.17182252778501,-8.647024053168389
T253,41.18010500492067,-8.57459413192016
T254,41.15684403378329,-8.614804836825718
T255,41.16102763228794,-8.634638346826138
T256,41.17106061340302,-8.62078468136008
T257,41.168795067426494,-8.628838282201098
T258,41.156628967094065,-8.616373394529683
T259,41.157861670812274,-8.619733326702857
T260,41.21779706367474,-8.648807506345356
T261,41.13594363365466,-8.64781462745891
T262,41.18357732996931,-8.628575164042243
T263,41.16352514995078,-8.610957580364445
T264,41.16095068207579,-8.612535516706423
T265,41.16437662891527,-8.668241740687439
T266,41.16782852501218,-8.618090047963353
T267,41.16610089143194,-8.600256938455201
T268,41.165561097349226,-8.641326432693543
T269,41.142370909594014,-8.607232499611857
T270,41.16975759042707,-8.644144251221629
T271,41.17392269303101,-8.621532702787789
T272,41.17298894860685,-8.651196805006812
T273,41.15921769163126,-8.616942919911633
T274,41.17425721548835,-8.634062483188277
T275,41.16877401462259,-8.6659354408312
T276,41.20820921239454,-8.682637918370819
T277,41.16050326835343,-8.631370404207278
T278,41.152663355486894,-8.676926933093666
T279,41.15811926031294,-8.618415408495991
T280,41.19795935807683,-8.606996898695632
T281,41.144036492449494,-8.616567511837877
T282,41.15709717764864,-8.611242668526817
T283,41.15492302157188,-8.59908816548396
T284,41.16683657207801,-8.615252605049397
T285,41.16796649484934,-8.587869435573548
T286,41.13398140903309,-8.599097933457827
T287,41.181215378122026,-8.657880192503551
T288,41.1596885559591,-8.614425247772829
T289,41.1677537128478,-8.633424379960625
T290,41.15271751192346,-8.614634976648185
T291,41.18163766485044,-8.611185661152659
T292,41.17774133761932,-8.603124239367077
T293,41.17643570073564,-8.607843783543444
T294,41.1573415836906,-8.605525087077929
T295,41.09102170695936,-8.642592039717968
T296,41.16250224973362,-8.651541236476987
T297,41.18448195268406,-8.614198454213527
T298,41.15572502178233,-8.598838852345185
T299,41.193311039350576,-8.65578661371071
T300,41.19170866751339,-8.66892624075838
T301,41.2162117248157,-8.667035387012106
T302,41.15966613601862,-8.612941106416747
T303,41.16594331516446,-8.617610661452797
T304,41.16431759601009,-8.628901590141066
T305,41.1693829796615,-8.63432778496005
T306,41.16177198417768,-8.638636724802641
T307,41.16225524541329,-8.61373673343154
T308,41.17268869984984,-8.576524898689678
T309,41.16428424099731,-8.60450011994069
T310,41.16444183243097,-8.666260023757124
T311,41.15835354239948,-8.610513967681934
T312,41.18120762091027,-8.639734732335269
T313,41.16808739087397,-8.646055984011475
T314,41.15992451431178,-8.604728478434204
T315,41.152218276215976,-8.610930421289808
T316,41.176117111330385,-8.588722890296099
T317,41.159964651430066,-8.637499907037453
T318,41.15187261347509,-8.647385940835271
T319,41.17549529709829,-8.662489399426365
T320,41.160292586457956,-8.603153291553253
T321,41.17608639551372,-8.548762814544286
T322,41.17856090971464,-8.642697359485396
T323,41.15413551282741,-8.610762600084135
T324,41.15605920500463,-8.62866153479648
T325,41.163314594409066,-8.627559109612951
T326,41.182056912423384,-8.603623318448323
T327,41.162257141442474,-8.620798071619644
