dataset,column,null_pct,n_unique
train_full,TRIP_ID,0.0,1710589
train_full,CALL_TYPE,0.0,3
train_full,ORIGIN_CALL,78.676776,57105
train_full,ORIGIN_STAND,52.850111,63
train_full,TAXI_ID,0.0,448
train_full,TIMESTAMP,0.0,1655366
train_full,DAY_TYPE,0.0,1
train_full,MISSING_DATA,0.0,2
train_full,POLYLINE,0.0,1703650
competition_test,TRIP_ID,0.0,320
competition_test,CALL_TYPE,0.0,3
competition_test,ORIGIN_CALL,77.5,60
competition_test,ORIGIN_STAND,61.5625,39
competition_test,TAXI_ID,0.0,244
competition_test,TIMESTAMP,0.0,315
competition_test,DAY_TYPE,0.0,1
competition_test,MISSING_DATA,0.0,1
competition_test,POLYLINE,0.0,320
