SOURCE_ROW_ID,TRIP_ID,POLYLINE_LENGTH,TRIP_DURATION_MINUTES,MAX_DISTANCE_FROM_START_KM,START_LONGITUDE,START_LATITUDE,DESTINATION_LONGITUDE,DESTINATION_LATITUDE
578581,1383293324620000520,3836,958.75,5.969942,-8.628237,41.157558,-8.60589,41.114043
147121,1375289927620000902,3571,892.5,10.74928,-8.614386,41.141079,-8.652618,41.171877
385819,1379954402620000904,3120,779.75,10.940629,-8.621001,41.150358,-8.599212,41.147748
182829,1375981643620000520,2935,733.5,11.979951,-8.613783,41.14125,-8.59185,41.163219
1199139,1395081407620000904,2739,684.5,16.572577,-8.531757,41.14692,-8.59923,41.147766
205445,1376504710620000520,2324,580.75,5.877906,-8.610525,41.141232,-8.596818,41.166306
926850,1389859963620000263,2324,580.75,3.195805,-8.624295,41.149791,-8.604837,41.16105
86598,1374175360620000520,2224,555.75,5.769719,-8.661258,41.147865,-8.596863,41.166279
319838,1378894568620000504,2210,552.25,8.551654,-8.600148,41.157432,-8.633088,41.212089
93860,1374243217620000902,2198,549.25,5.389636,-8.640819,41.161212,-8.640846,41.161383
440054,1380906759620000520,2175,543.5,6.76607,-8.599887,41.149323,-8.596944,41.166225
39644,1373309660620000520,2092,522.75,6.111032,-8.607636,41.162283,-8.595783,41.166594
492721,1381767082620000520,2063,515.5,5.269841,-8.6067,41.161185,-8.596899,41.166315
109146,1374536386620000520,1996,498.75,2.575838,-8.619345,41.156748,-8.59689,41.166261
611588,1383910933620000520,1965,491.0,4.468674,-8.643573,41.160312,-8.596953,41.166387
422648,1380453548620000510,1935,483.5,3.87897,-8.638155,41.169303,-8.628147,41.175828
329761,1379067174620000395,1899,474.5,6.533941,-8.644257,41.175378,-8.598132,41.159421
138790,1375125273620000520,1857,464.0,12.221477,-8.550036,41.203656,-8.589402,41.169627
323868,1378974668620000611,1845,461.0,7.373371,-8.606565,41.147982,-8.603892,41.147208
685374,1385371213620000081,1839,459.5,3.065313,-8.606403,41.147937,-8.606403,41.147865
462993,1381258487620000520,1832,457.75,7.072836,-8.596917,41.166369,-8.597007,41.166369
880267,1388874505620000520,1788,446.75,6.373984,-8.589285,41.169708,-8.610066,41.154912
1403852,1399026949620000482,1775,443.5,12.580578,-8.504973,41.189985,-8.599968,41.18274
897985,1389211136620000250,1765,441.0,6.091663,-8.606457,41.144607,-8.614341,41.122692
806534,1387532762620000250,1745,436.0,6.785272,-8.604576,41.09229,-8.626248,41.136246
